{"cameraMode":{"drawMode":0,"name":"Shaded","section":"Shading Mode"},"sceneLighting":true,"audioPlay":false,"sceneViewState":{"m_AlwaysRefresh":false,"showFog":true,"showSkybox":true,"showFlares":true,"showImageEffects":true,"showParticleSystems":true,"showVisualEffectGraphs":true,"m_FxEnabled":true},"in2DMode":false,"pivot":{"x":1.5270652770996094,"y":3.6318395137786867,"z":10.345788955688477},"rotation":{"x":-0.16480571031570435,"y":0.37843814492225649,"z":-0.06868024170398712,"w":-0.9088327288627625},"size":0.40609508752822878,"orthographic":false}